<?xml version="1.0" encoding="UTF-8" standalone="yes"?>
<mappings xmlns="http://dozermapper.github.io/schema/bean-mapping" xmlns:xsi="http://www.w3.org/2001/XMLSchema-instance" xsi:schemaLocation="http://dozermapper.github.io/schema/bean-mapping https://dozermapper.github.io/schema/bean-mapping.xsd">
    <configuration>
        <wildcard>false</wildcard>
    </configuration>
    <mapping>
        <class-a>org.acme.Customer</class-a>
        <class-b>org.globex.Account</class-b>
        <field>
            <a>zip</a>
            <b>contact.zip</b>
        </field>
        <field>
            <a>firstName</a>
            <b>contact.firstName</b>
        </field>
        <field>
            <a>lastName</a>
            <b>contact.lastName</b>
        </field>
        <field>
            <a>streetAddr</a>
            <b>contact.streetAddr</b>
        </field>
        <field>
            <a>city</a>
            <b>contact.city</b>
        </field>
        <field>
            <a>phone</a>
            <b>contact.phone</b>
        </field>
        <field>
            <a>state</a>
            <b>contact.state</b>
        </field>
        <field>
            <a>companyName</a>
            <b>company.name</b>
        </field>
        <field>
            <a>active</a>
            <b>company.active</b>
        </field>
        <field>
            <a>region</a>
            <b>company.geo</b>
        </field>
    </mapping>
</mappings>
