{
  "type": "object",
  "properties": {
    "company": {
      "type": "object",
      "properties": {
        "name": {
          "type": "string"
        },
        "geo": {
          "type": "string"
        },
        "active": {
          "type": "boolean"
        }
      },
      "required": [
        "name",
        "geo",
        "active"
      ]
    },
    "contact": {
      "type": "object",
      "properties": {
        "firstName": {
          "type": "string"
        },
        "lastName": {
          "type": "string"
        },
        "streetAddr": {
          "type": "string"
        },
        "city": {
          "type": "string"
        },
        "state": {
          "type": "string"
        },
        "zip": {
          "type": "string"
        },
        "phone": {
          "type": "string"
        }
      }
    }
  },
  "required": [
    "company",
    "contact"
  ]
}